$add_action_tbl	YES	YES	0.2
$add_key_tbl	YES	YES	0.1
$annotationList_of_parameterIR	YES	YES	0.1
$assignop_as_binop	YES	YES	0.2
$bin_band	YES	YES	142.9
$bin_bor	YES	YES	143.3
$bin_bxor	YES	YES	43.6
$bin_concat	YES	YES	425.7
$bin_div	YES	YES	8.3
$bin_ge	YES	YES	30.1
$bin_gt	YES	YES	30.0
$bin_le	YES	YES	29.9
$bin_lt	YES	YES	29.9
$bin_minus	YES	YES	36.1
$bin_mod	YES	YES	7.6
$bin_mul	YES	YES	36.3
$bin_plus	YES	YES	36.3
$bin_satminus	YES	YES	46.0
$bin_satplus	YES	YES	45.8
$bin_shl	TIMEOUT	TIMEOUT	>1800
$bin_shr	TIMEOUT	TIMEOUT	>1800
$bitacc_offset_op	TIMEOUT	TIMEOUT	>1800
$bitacc_offset_replace_op	TIMEOUT	TIMEOUT	>1800
$bitacc_range_op	TIMEOUT	TIMEOUT	>1800
$bitacc_range_replace_op	TIMEOUT	TIMEOUT	>1800
$callableId_IR	YES	YES	42.7
$callableId_of_externConstructorPrototypeIR	YES	YES	75.4
$callableId_of_externMethodPrototypeIR	YES	YES	132.2
$callable_builtinMethod	YES	YES	0.1
$codom_map	YES	YES	0.1
$concat_text	YES	YES	0.1
$constructorTypeDef_of_externConstructorPrototypeIR	YES	YES	0.1
$constructor_of_externConstructorPrototypeIR	YES	YES	0.1
$ctk_of_typedExpressionIR	YES	YES	0.1
$dom_map	YES	YES	0.1
$empty_callableDefEnv	YES	YES	0.1
$empty_callableTypeDefEnv	YES	YES	0.1
$empty_constraint	YES	YES	0.1
$empty_constructorDefEnv	YES	YES	0.1
$empty_constructorTypeDefEnv	YES	YES	0.1
$empty_frame	YES	YES	0.1
$empty_instContext	YES	YES	0.1
$empty_map	YES	YES	0.1
$empty_set	YES	YES	0.1
$empty_stateEnv	YES	YES	0.1
$empty_store	YES	YES	0.1
$empty_tableContext	YES	YES	0.1
$empty_theta	YES	YES	0.1
$empty_typeDefEnv	YES	YES	0.1
$empty_typeFrame	YES	YES	0.1
$empty_typingContext	YES	YES	0.1
$ends_with	YES	YES	4.9
$enter_i	YES	YES	0.1
$enter_path_i	YES	YES	0.1
$enter_t	YES	YES	0.1
$exists	YES	YES	0.1
$exit_i	YES	YES	0.2
$exit_t	YES	YES	0.1
$filter	YES	YES	0.1
$flatten_blockElementStatementList	YES	YES	0.1
$flatten_constOpt	YES	YES	0.1
$flatten_controlLocalDeclarationList	YES	YES	0.1
$flatten_externConstructorOrMethodPrototypeList	YES	YES	0.1
$flatten_nameList	YES	YES	0.2
$flatten_objectDeclarationList	YES	YES	0.1
$flatten_objectInitializerOptIR	YES	YES	0.1
$flatten_p4program	YES	YES	0.1
$flatten_parserLocalDeclarationList	YES	YES	0.1
$flatten_parserStatementList	YES	YES	0.1
$flatten_prefixedNameIR	YES	YES	0.1
$flatten_selectCaseList	YES	YES	0.1
$flatten_switchCaseList	YES	YES	0.1
$flatten_tableActionList	YES	YES	0.1
$flatten_tableEntryList	YES	YES	0.1
$flatten_tableKeyList	YES	YES	0.1
$flatten_tablePropertyList	YES	YES	0.1
$flatten_typeFieldList	YES	YES	0.1
$flatten_typeParameterList	YES	YES	0.2
$flatten_typeParameterListOpt	YES	YES	0.2
$forall	YES	YES	0.1
$id_of_parameterIR	YES	YES	0.1
$inherit_i	YES	YES	0.2
$instantiable_extern	YES	YES	0.1
$int_of_integerValue	YES	YES	29.6
$invalidate_header	YES	YES	0.1
$invalidate_headerUnion	YES	YES	6.6
$invalidate_value	YES	YES	6.5
$isValid_header	YES	YES	4.8
$is_concrete_extern_object_prime_prime	YES	YES	0.1
$is_default_parameterIR	YES	YES	0.1
$is_lpm_key	YES	YES	0.1
$is_lpm_key_prime	YES	YES	0.1
$is_some	YES	YES	0.1
$is_tableActionsProperty	YES	YES	0.1
$is_tableDefaultActionProperty	YES	YES	0.3
$is_tableKeysProperty	YES	YES	0.1
$ite	YES	YES	0.1
$join_ctk	YES	YES	0.1
$join_flow	YES	YES	0.1
$join_tableEntryState	YES	YES	0.1
$join_text	YES	YES	0.2
$lvalue_as_expression	YES	YES	0.5
$name	YES	YES	0.2
$name_annotationToken	YES	YES	53.3
$name_annotation_opt	YES	YES	99.5
$nat_of_integerValue	YES	YES	31.2
$objectId_ends_with	YES	YES	0.2
$opt_as_seq	YES	YES	0.1
$optional_annotation_of_parameterIR_prime_prime	YES	YES	0.4
$parameterListIR_of_actionDef	YES	YES	0.1
$parameterListIR_of_actionTypeDefIR	YES	YES	0.1
$parameterListIR_of_constructorTypeDefIR	YES	YES	0.1
$parameterListIR_of_controlApplyMethodDef	YES	YES	0.1
$parameterListIR_of_controlApplyMethodTypeIR	YES	YES	0.1
$parameterListIR_of_definedFunctionDef	YES	YES	0.1
$parameterListIR_of_definedFunctionTypeDefIR	YES	YES	0.1
$parameterListIR_of_externFunctionDef	YES	YES	0.1
$parameterListIR_of_externFunctionTypeDefIR	YES	YES	0.1
$parameterListIR_of_externMethodDef	YES	YES	0.1
$parameterListIR_of_externMethodTypeDefIR	YES	YES	0.1
$parameterListIR_of_parserApplyMethodDef	YES	YES	0.1
$parameterListIR_of_parserApplyMethodTypeIR	YES	YES	0.1
$parameterListIR_of_tableApplyMethodDef	YES	YES	0.1
$parameterListIR_of_tableApplyMethodTypeDefIR	YES	YES	0.1
$prefixedNonTypeName	YES	YES	0.3
$prefixedTypeName	YES	YES	0.2
$requires_priority	YES	YES	0.2
$requires_priority_prime	YES	YES	0.2
$resolve_constraint	YES	YES	0.2
$set_priorities_of_tableEntryListIR	YES	YES	63.7
$set_priorities_of_tableEntryListIR_prime	YES	YES	43.7
$set_priority_of_tableEntryIR	YES	YES	0.1
$starts_with	YES	YES	1.5
$strip_prefix_rec	YES	YES	1.7
$strip_suffix_rec	YES	YES	5.5
$tableCustomName	YES	YES	0.1
$tableEntryPriorityOptIR_of_tableEntryIR	YES	YES	0.1
$type_of_externMethodPrototypeIR	YES	YES	0.1
$type_of_typedExpressionIR	YES	YES	0.1
$type_of_typedLvalueIR	YES	YES	0.1
$typedLvalueIR_as_typedExpressionIR	YES	YES	0.2
$un_bnot	YES	YES	14.1
$un_lnot	YES	YES	0.1
$un_minus	YES	YES	37.5
$un_op	YES	YES	47.9
$un_plus	YES	YES	0.2
$width_of_integerTypeIR	YES	YES	0.2
$write_bits_from_value	TIMEOUT	TIMEOUT	>1800
$write_value_field_from_bits_prime	YES (normalized)	YES	244.1
$write_value_fields_from_bits_prime	YES (normalized)	YES	243.9
$write_value_from_bits	YES (normalized)	YES	253.0
$write_value_from_bits_prime	YES (normalized)	YES	244.0
$write_values_from_bits_prime	YES (normalized)	YES	242.8
