$init_objectState	YES	YES	0.1
ExternFunctionCall_eval_lctk	YES	YES	0.0
$annotationList_of_parameterIR	YES	YES	0.0
$ctk_of_typedExpressionIR	YES	YES	0.0
$direction_of_parameterIR	YES	YES	0.0
$empty_map_callableId_callableDef	YES	YES	0.0
$empty_map_callableId_callableTypeDefIR	YES	YES	0.0
$empty_map_callableId_constructorDef	YES	YES	0.0
$empty_map_constructorId_constructorTypeDefIR	YES	YES	0.0
$empty_map_id_parserStateIR	YES	YES	0.0
$empty_map_id_value	YES	YES	0.0
$empty_map_id_varTypeIR	YES	YES	0.0
$empty_map_objectId_object	YES	YES	0.0
$empty_map_typeId_typeDefIR	YES	YES	0.0
$empty_map_typeId_typeIR	YES	YES	0.0
$empty_set	YES	YES	0.0
$empty_tableContext	YES	YES	0.0
$id_of_parameterIR	YES	YES	0.0
$invalidate_header	YES	YES	0.0
$name_of_parserState	YES	YES	0.0
$parameterListIR_of_actionDef	YES	YES	0.0
$parameterListIR_of_actionTypeDefIR	YES	YES	0.0
$parameterListIR_of_constructorTypeDefIR	YES	YES	0.0
$parameterListIR_of_controlApplyMethodDef	YES	YES	0.0
$parameterListIR_of_controlApplyMethodTypeIR	YES	YES	0.0
$parameterListIR_of_definedFunctionDef	YES	YES	0.0
$parameterListIR_of_definedFunctionTypeDefIR	YES	YES	0.0
$parameterListIR_of_externFunctionDef	YES	YES	0.0
$parameterListIR_of_externFunctionTypeDefIR	YES	YES	0.0
$parameterListIR_of_externMethodDef	YES	YES	0.0
$parameterListIR_of_parserApplyMethodDef	YES	YES	0.0
$parameterListIR_of_parserApplyMethodTypeIR	YES	YES	0.0
$parameterListIR_of_tableApplyMethodDef	YES	YES	0.0
$parameterListIR_of_tableApplyMethodTypeDefIR	YES	YES	0.0
$set_priority_of_tableEntryIR	YES	YES	0.0
$tableActionReferenceIR_of_tableActionIR	YES	YES	0.0
$tableEntryPriorityOptIR_of_tableEntryIR	YES	YES	0.0
$typeIR_of_parameterIR	YES	YES	0.0
$type_of_typedExpressionIR	YES	YES	0.0
$type_of_typedLvalueIR	YES	YES	0.0
$empty_callableDefEnv	YES	YES	0.0
$empty_callableTypeDefEnv	YES	YES	0.0
$empty_constructorDefEnv	YES	YES	0.0
$empty_constructorTypeDefEnv	YES	YES	0.0
$empty_frame	YES	YES	0.0
$empty_stateEnv	YES	YES	0.0
$empty_store	YES	YES	0.0
$empty_theta	YES	YES	0.0
$empty_typeDefEnv	YES	YES	0.0
$empty_typeFrame	YES	YES	0.0
$flatten_constOpt	YES	YES	0.0
$flatten_objectInitializerOptIR	YES	YES	0.0
$is_some_	YES	YES	0.0
$ite_boolValue	YES	YES	0.0
$ite_callTargetMatch	YES	YES	0.0
$ite_controlPlaneNameIR	YES	YES	0.0
$ite_int	YES	YES	0.0
$ite_text	YES	YES	0.0
$opt_as_seq__nameIR	YES	YES	0.0
$parameterListIR_of_externMethodTypeDefIR	YES	YES	0.0
$type_of_externMethodPrototypeIR	YES	YES	0.0
$callable_builtinMethod	YES	YES	0.0
$constructorTypeDef_of_externConstructorPrototypeIR	YES	YES	0.0
$constructor_of_externConstructorPrototypeIR	YES	YES	0.0
$empty_constraint	YES	YES	0.0
$filter__externConstructorOrMethodPrototype	YES	YES	0.0
$filter__id	YES	YES	0.0
$filter__tableKeyIR	YES	YES	0.0
$filter__tableProperty	YES	YES	0.0
$filter__tablePropertyIR	YES	YES	0.0
$instantiable_extern	YES	YES	0.0
$is_lpm_key_prime	YES	YES	0.1
$join_tableEntryState	YES	YES	0.0
$un_lnot	YES	YES	0.0
$callableId_IR	YES	YES	0.1
$concat_text	YES	YES	0.0
$exists_	YES	YES	0.0
$flatten_blockElementStatementList	YES	YES	0.0
$flatten_controlLocalDeclarationList	YES	YES	0.0
$flatten_externConstructorOrMethodPrototypeList	YES	YES	0.1
$flatten_objectDeclarationList	YES	YES	0.1
$flatten_parserLocalDeclarationList	YES	YES	0.1
$flatten_parserStatementList	YES	YES	0.0
$flatten_prefixedNameIR	YES	YES	0.1
$flatten_selectCaseList	YES	YES	0.1
$flatten_switchCaseList	YES	YES	0.1
$flatten_tableActionList	YES	YES	0.1
$flatten_tableEntryList	YES	YES	0.0
$flatten_tableKeyList	YES	YES	0.1
$flatten_tablePropertyList	YES	YES	0.1
$flatten_typeFieldList	YES	YES	0.1
$forall_	YES	YES	0.1
$is_concrete_extern_object_prime_prime	YES	YES	0.1
$is_default_parameterIR	YES	YES	0.1
$is_lpm_key	YES	YES	0.1
$join_flow	YES	YES	0.0
$add_action_tbl	YES	YES	0.1
$add_key_tbl	YES	YES	0.1
$callableId_of_externConstructorPrototypeIR	YES	YES	0.1
$codom_map	YES	YES	0.1
$dom_map_callableId_callableDef	YES	YES	0.1
$dom_map_callableId_callableTypeDefIR	YES	YES	0.1
$dom_map_callableId_constructorTypeDefIR	YES	YES	0.1
$dom_map_id_value	YES	YES	0.1
$dom_map_id_varTypeIR	YES	YES	0.1
$dom_map_nameIR_parserStateIR	YES	YES	0.1
$dom_map_typeId_infer	YES	YES	0.1
$dom_map_typeId_typeDefIR	YES	YES	0.1
$enter_path_i	YES	YES	0.1
$flatten_p4program	YES	YES	0.1
$callableId_of_externMethodPrototypeIR	YES	YES	0.1
$is_tableActionsProperty	YES	YES	0.1
$is_tableKeysProperty	YES	YES	0.1
$tableCustomName	YES	YES	0.1
$enter_i	YES	YES	0.1
$enter_t	YES	YES	0.1
$exit_i	YES	YES	0.1
$exit_t	YES	YES	0.1
$requires_priority_prime	YES	YES	0.4
$requires_priority	YES	YES	0.5
$typedLvalueIR_as_typedExpressionIR	YES	YES	0.3
$empty_typingContext	YES	YES	0.1
$join_ctk	YES	YES	0.1
$resolve_constraint	YES	YES	0.2
$name	YES	YES	0.3
$width_of_integerTypeIR	YES	YES	0.2
$objectId_ends_with	YES	YES	0.2
$un_plus	YES	YES	0.2
$prefixedTypeName	YES	YES	0.4
$assignop_as_binop	YES	YES	0.2
$empty_instContext	YES	YES	0.2
$flatten_nameList	YES	YES	0.2
$flatten_typeParameterList	YES	YES	0.3
$inherit_i	YES	YES	0.3
$join_text	YES	YES	0.3
$flatten_typeParameterListOpt	YES	YES	0.3
$is_tableDefaultActionProperty	YES	YES	0.7
$prefixedNonTypeName	YES	YES	0.8
$optional_annotation_of_parameterIR_prime_prime	YES	YES	1.0
$lvalue_as_expression	YES	YES	0.7
$joins_ctk	YES	YES	1.0
$update_fieldValue	YES	YES	1.1
$in_set_nameIR	YES	YES	1.2
$in_set_id	YES	YES	1.3
$in_set_typeId	YES	YES	1.3
$find_action_prime	MAYBE	YES	1.5
$find_non_overloadeds_callableDef	YES	YES	1.6
$find_non_overloadeds_callableTypeDefIR	YES	YES	1.7
$find_non_overloadeds_externMethodTypeDefIR	YES	YES	1.7
$partition_parameterListIR	MAYBE	YES	2.0
$find_action	MAYBE	YES	1.9
$find_typeDef_i	YES	YES	2.4
$add_store	YES	YES	2.0
$add_typeDef_i	YES	YES	2.7
$find_store	YES	YES	1.9
$in_set_callableId	YES	YES	1.8
$merge_frames	YES	YES	2.0
$starts_with	YES	YES	2.2
$add_type_i	YES	YES	3.3
$add_constructorDef_i	YES	YES	3.5
$extend_map_typeId_typeIR	MAYBE	YES	2.9
$instantiable_package	YES	YES	2.5
$instantiable_table	YES	YES	2.7
$split_dataplane_parameters	MAYBE	YES	2.7
$strip_prefix_rec	YES	YES	3.2
$add_types_i	YES	YES	4.5
$directionless_trailing_prime	YES	YES	2.8
$add_constructorDefs_i	YES	YES	4.5
$callable_externAbstractMethod	MAYBE	YES	3.3
$callable_externMethod	MAYBE	YES	3.4
$add_parserState_i	YES	YES	4.6
$directionless_trailing	YES	YES	3.6
$bound	YES	YES	5.1
$find_typeDef_t	YES	YES	6.6
$find_var_i	YES	YES	6.0
$find_var_t	YES	YES	6.5
$find_var_value_t	YES	YES	7.7
$add_constructorDef_t	YES	YES	5.8
$find_non_overloaded_callableDef	YES	YES	4.8
$find_non_overloaded_callableTypeDefIR	YES	YES	5.1
$find_non_overloaded_externMethodTypeDefIR	YES	YES	5.1
$add_constructorDefs_t	YES	YES	6.7
$add_constructorDef_non_overload_t	YES	YES	7.2
$add_typeDef_t	YES	YES	8.1
$add_callableDef_overload_i	YES	YES	9.1
$add_callableDef_overload_t	YES	YES	9.5
$add_typeDefs_t	YES	YES	10.6
$add_var_i	YES	YES	11.0
ConstDecl_inst	YES	YES	12.5
$add_vars_i	YES	YES	11.9
$add_callableDef_non_overload_i	YES	YES	12.1
$add_callableDef_non_overload_t	YES	YES	12.6
$add_typeParameters_t	TIMEOUT	TIMEOUT	60.0
$find_callableDef_non_overloaded_t	YES	YES	4.2
$find_callableDef_non_overload_i	YES	YES	5.3
FuncDecl_inst	YES	YES	10.1
ExternMethod_inst	YES	YES	56.4
$init_	TIMEOUT	TIMEOUT	60.0
ActionDecl_inst	YES	YES	7.4
ExternMethods_inst	YES	YES	49.9
$repeat__value	TIMEOUT	TIMEOUT	60.0
$fresh_typeIds	YES	YES	3.4
$isValid_header	YES	YES	5.4
$invalidate_headerUnion	YES	YES	8.5
$invalidate_value	YES	YES	10.6
$ends_with	YES	YES	8.0
$strip_suffix_rec	YES	YES	9.3
SwitchLabel_table_ok	TIMEOUT	TIMEOUT	60.0
TypeParameterListOpt_ok	ERROR: could not find a Church-Rosser verdict in the MFE output	ERROR: could not find a coherence verdict in the MFE output	144.4
$write_bits_from_value	TIMEOUT	TIMEOUT	300.0
$contains_prime	YES	YES	6.4
$contains	YES	YES	8.0
$replace_text_except_prime	YES	YES	9.8
$replace_text_prime	YES	YES	11.1
$bin_mod	YES	YES	12.1
$replace_text	YES	YES	13.5
$replace_text_except	YES	YES	14.3
$bin_div	YES	YES	15.6
$modulo	YES	YES	19.7
$modulo_42	YES	YES	21.4
$un_bnot	YES	YES	27.6
$update_headerUnion	YES	YES	33.8
$bin_eq	TIMEOUT	TIMEOUT	60.0
$bin_ne	TIMEOUT	TIMEOUT	300.0
$tableEntry_lpm_prefix_prime	YES	YES	22.3
$tableEntry_lpm_prefix	YES	YES	29.1
$bin_ge	YES	YES	42.2
$bin_le	YES	YES	45.8
$bin_gt	YES	YES	52.6
$bin_lt	YES	YES	56.4
$int_of_integerValue	YES	YES	59.1
$nat_of_integerValue	TIMEOUT	TIMEOUT	60.0
$bin_minus	YES	YES	36.5
$bin_mul	YES	YES	47.6
$bin_plus	YES	YES	55.3
$un_minus	TIMEOUT	TIMEOUT	60.0
$bin_bxor	YES	YES	42.1
$bin_concat	TIMEOUT	TIMEOUT	60.0
$set_priorities_of_tableEntryListIR_prime	YES	YES	42.9
$bin_satminus	YES	YES	57.6
$bin_satplus	TIMEOUT	TIMEOUT	60.0
$bin_shl	TIMEOUT	TIMEOUT	300.0
$bin_band	YES	YES	143.4
$bin_bor	TIMEOUT	TIMEOUT	60.0
$name_annotationToken	YES	YES	84.4
$un_op	TIMEOUT	TIMEOUT	60.0
$bin_shr	TIMEOUT	TIMEOUT	300.0
$set_priorities_of_tableEntryListIR	YES	YES	64.2
$name_annotation_opt	TIMEOUT	TIMEOUT	60.0
$write_value_field_from_bits_prime	MAYBE	YES	108.8
$write_value_fields_from_bits_prime	TIMEOUT	TIMEOUT	60.0
$write_value_from_bits_prime	MAYBE	YES	108.2
$write_values_from_bits_prime	TIMEOUT	TIMEOUT	60.0
$write_value_from_bits	MAYBE	YES	109.9
$bitacc_range_op	TIMEOUT	TIMEOUT	79.7
$bitacc_offset_op	TIMEOUT	TIMEOUT	300.3
$bitacc_range_replace_op	TIMEOUT	TIMEOUT	300.1
$bitacc_offset_replace_op	TIMEOUT	TIMEOUT	300.1
$bin_op	TIMEOUT	TIMEOUT	300.7
$flatten_namedExpressionList	TIMEOUT	TIMEOUT	308.5
$flatten_realTypeArgumentList	TIMEOUT	TIMEOUT	308.5
$flatten_expressionList	TIMEOUT	TIMEOUT	308.5
$flatten_typeArgumentList	TIMEOUT	TIMEOUT	308.5
$expression_as_lvalue	TIMEOUT	TIMEOUT	310.1
$flatten_argumentList	TIMEOUT	TIMEOUT	310.2
$flatten_simpleKeysetExpressionList	TIMEOUT	TIMEOUT	312.0
$flatten_forUpdateStatementList	TIMEOUT	TIMEOUT	312.7
$is_singleton_list_expression	TIMEOUT	TIMEOUT	311.7
$add_annotationList	TIMEOUT	TIMEOUT	316.6
$flatten_annotationList	TIMEOUT	TIMEOUT	314.4
$flatten_parameterList	TIMEOUT	TIMEOUT	317.4
$flatten_constructorParameterListOpt	TIMEOUT	TIMEOUT	317.3
$is_externConstructorPrototype	TIMEOUT	TIMEOUT	316.7
$is_externMethodPrototype	TIMEOUT	TIMEOUT	316.9
$callableId_prime	TIMEOUT	TIMEOUT	317.6
$callableId	TIMEOUT	TIMEOUT	317.5
$constructorId_of_externConstructorPrototype	TIMEOUT	TIMEOUT	319.8
$callableId_of_externMethodPrototype	TIMEOUT	TIMEOUT	319.7
$constructorId	TIMEOUT	TIMEOUT	319.7
$expressionNonBrace_as_expression	TIMEOUT	TIMEOUT	326.3
$optional_annotation_of_parameterIR_prime	TIMEOUT	TIMEOUT	320.2
$optional_annotation_of_parameterIR	TIMEOUT	TIMEOUT	320.1
$is_optional_parameterIR	TIMEOUT	TIMEOUT	320.1
$flatten_forInitStatementList	TIMEOUT	TIMEOUT	320.0
$find_name_annotation_opt	TIMEOUT	TIMEOUT	321.7
$split_externConstructorOrMethodPrototypeList	TIMEOUT	TIMEOUT	327.7
$match_overloaded_unnamed_parameterListIR_of_constructorTypeDefIR_constructorTypeDefIR	TIMEOUT	TIMEOUT	351.4
$match_overloaded_unnamed_parameterListIR_of_controlApplyMethodTypeIR_controlApplyMethodTypeDefIR	TIMEOUT	TIMEOUT	358.0
$match_overloaded_unnamed_parameterListIR_of_parserApplyMethodTypeIR_parserApplyMethodTypeIR	TIMEOUT	TIMEOUT	351.4
$match_overloaded_unnamed_parameterListIR_of_externMethodTypeDefIR_externMethodTypeDefIR	TIMEOUT	TIMEOUT	358.1
$find_overloadeds_unnamed_parameterListIR_of_constructorTypeDefIR_constructorTypeDefIR	TIMEOUT	TIMEOUT	358.3
$find_overloadeds_unnamed_parameterListIR_of_controlApplyMethodTypeIR_controlApplyMethodTypeDefIR	TIMEOUT	TIMEOUT	358.1
$find_overloadeds_unnamed_parameterListIR_of_parserApplyMethodTypeIR_parserApplyMethodTypeIR	TIMEOUT	TIMEOUT	358.1
$find_overloadeds_unnamed_parameterListIR_of_externMethodTypeDefIR_externMethodTypeDefIR	TIMEOUT	TIMEOUT	358.3
$name_expression	TIMEOUT	TIMEOUT	341.6
$match_overloaded_named_parameterListIR_of_constructorTypeDefIR_constructorTypeDefIR	TIMEOUT	TIMEOUT	354.2
$match_overloaded_named_parameterListIR_of_controlApplyMethodTypeIR_controlApplyMethodTypeDefIR	TIMEOUT	TIMEOUT	354.2
$match_overloaded_named_parameterListIR_of_parserApplyMethodTypeIR_parserApplyMethodTypeIR	TIMEOUT	TIMEOUT	354.3
$match_overloaded_named_parameterListIR_of_externMethodTypeDefIR_externMethodTypeDefIR	TIMEOUT	TIMEOUT	361.6
$find_overloadeds_named_parameterListIR_of_constructorTypeDefIR_constructorTypeDefIR	TIMEOUT	TIMEOUT	361.7
$find_overloadeds_named_parameterListIR_of_controlApplyMethodTypeIR_controlApplyMethodTypeDefIR	TIMEOUT	TIMEOUT	361.4
$find_overloadeds_named_parameterListIR_of_parserApplyMethodTypeIR_parserApplyMethodTypeIR	TIMEOUT	TIMEOUT	361.8
$find_overloadeds_named_parameterListIR_of_externMethodTypeDefIR_externMethodTypeDefIR	TIMEOUT	TIMEOUT	361.6
$flatten_parserStateList	TIMEOUT	TIMEOUT	341.2
$find_overloaded_parameterListIR_of_constructorTypeDefIR_constructorTypeDefIR	TIMEOUT	TIMEOUT	436.5
$find_overloaded_parameterListIR_of_controlApplyMethodTypeIR_controlApplyMethodTypeDefIR	TIMEOUT	TIMEOUT	435.7
$find_overloaded_parameterListIR_of_parserApplyMethodTypeIR_parserApplyMethodTypeIR	TIMEOUT	TIMEOUT	435.6
$find_overloaded_parameterListIR_of_externMethodTypeDefIR_externMethodTypeDefIR	TIMEOUT	TIMEOUT	436.0
$name_annotation	TIMEOUT	TIMEOUT	385.5
$name_annotation_default	TIMEOUT	TIMEOUT	399.4
$cast_header_stack	TIMEOUT	TIMEOUT	396.3
$cast_header	TIMEOUT	TIMEOUT	412.9
$cast_struct	TIMEOUT	TIMEOUT	412.8
$compat_lnot	TIMEOUT	TIMEOUT	395.7
$nestable_constructor_package	TIMEOUT	TIMEOUT	413.5
$resolve_type_alias	TIMEOUT	TIMEOUT	413.2
$callTargetKey_prime	TIMEOUT	TIMEOUT	395.7
$compat_bnot	TIMEOUT	TIMEOUT	395.6
$compat_divmod	TIMEOUT	TIMEOUT	414.0
$compat_logical	TIMEOUT	TIMEOUT	413.6
$cast_bool	TIMEOUT	TIMEOUT	413.8
$compat_array_index	TIMEOUT	TIMEOUT	395.6
$compat_bitslice_offset_index	TIMEOUT	TIMEOUT	413.4
$compat_bitslice_offset_width	TIMEOUT	TIMEOUT	413.7
$compat_bitslice_range_index	TIMEOUT	TIMEOUT	413.4
$compat_uplusminus	TIMEOUT	TIMEOUT	395.5
$nestable_constructor_control	TIMEOUT	TIMEOUT	413.5
$nestable_constructor_parser	TIMEOUT	TIMEOUT	413.3
$nestable_controlApplyMethod	TIMEOUT	TIMEOUT	413.6
$nestable_headerStack	TIMEOUT	TIMEOUT	413.5
$nestable_headerUnion	TIMEOUT	TIMEOUT	413.6
$definable_constructor	TIMEOUT	TIMEOUT	413.6
$nestable_constructor_extern	TIMEOUT	TIMEOUT	413.6
$nestable_externFunction	TIMEOUT	TIMEOUT	413.7
$nestable_externMethod	TIMEOUT	TIMEOUT	413.6
$nestable_new_in_enum_serializable	TIMEOUT	TIMEOUT	413.6
$nestable_parserApplyMethod	TIMEOUT	TIMEOUT	413.6
$compat_switch	TIMEOUT	TIMEOUT	414.0
$compat_table_lpm_ternary_range_key	TIMEOUT	TIMEOUT	413.7
$nestable_new	TIMEOUT	TIMEOUT	413.6
$parameterListIR_of_functionTypeDefIR	TIMEOUT	TIMEOUT	412.4
$typedExpressionIR_as_typedLvalueIR	TIMEOUT	TIMEOUT	424.9
$compat_concat	TIMEOUT	TIMEOUT	414.4
$callTargetKey	TIMEOUT	TIMEOUT	413.5
$compat_table_exact_optional_key	TIMEOUT	TIMEOUT	413.9
$is_static_assert_callableTypeIR	TIMEOUT	TIMEOUT	425.3
$callableTypeIR_of_callableTypeDefIR	TIMEOUT	TIMEOUT	425.2
$compat_shift	TIMEOUT	TIMEOUT	414.2
$nestable_enum_serializable	TIMEOUT	TIMEOUT	413.8
$typeParameterListIR_of_callableTypeDefIR	TIMEOUT	TIMEOUT	424.6
$flatten_keysetExpressionIR	TIMEOUT	TIMEOUT	412.6
