OK	action-bind.p4
OK	action-synth.p4
STUCK	action-two-params.p4
OK	action-uses.p4
OK	actionAnnotations.p4
OK	action_call_ebpf.p4
OK	action_call_table_ebpf.p4
OK	action_call_ubpf.p4
STUCK	action_fwd_ubpf.p4
OK	action_param.p4
OK	action_param1.p4
STUCK	action_profile-bmv2.p4
STUCK	action_profile_max_group_size_annotation.p4
STUCK	action_profile_sum_of_members_annotation.p4
STUCK	action_selector_shared-bmv2.p4
OK	action_selector_unused-bmv2.p4
STUCK	actions-almost-duplicate-names1.p4
STUCK	advance_ebpf.p4
STUCK	advance_ubpf.p4
OK	after-return.p4
STUCK	alias.p4
STUCK	annotation-bug.p4
STUCK	annotation-inline-propagate.p4
STUCK	annotation-likely.p4
OK	annotations.p4
STUCK	apply-cf.p4
OK	apply.p4
OK	arch1.p4
OK	arch2.p4
OK	arch3.p4
STUCK	arith-bmv2.p4
STUCK	arith-inline-bmv2.p4
OK	arith-inline-skeleton.p4
OK	arith-skeleton.p4
STUCK	arith1-bmv2.p4
STUCK	arith2-bmv2.p4
STUCK	arith2-inline-bmv2.p4
STUCK	arith3-bmv2.p4
STUCK	arith4-bmv2.p4
STUCK	arith5-bmv2.p4
STUCK	array-copy-bmv2.p4
STUCK	array_field.p4
STUCK	array_field1.p4
OK	assign.p4
STUCK	basic2-bmv2.p4
STUCK	basic_routing-bmv2.p4
STUCK	bfd_offload.p4
STUCK	bit0-bmv2.p4
OK	bitExtract.p4
OK	bitwise-and.p4
OK	bitwise-cast.p4
OK	bool_cast.p4
OK	bool_double_cast.p4
OK	bool_ebpf.p4
STUCK	bool_to_bit_cast.p4
STUCK	bvec-hdr-bmv2.p4
STUCK	bvec_union-bmv2.p4
STUCK	calc-ebpf.p4
OK	call.p4
STUCK	cases.p4
OK	cast-call.p4
OK	cast.p4
OK	cast_noop.p4
OK	chain.p4
OK	chain1.p4
STUCK	checksum-l4-bmv2.p4
STUCK	checksum1-bmv2.p4
STUCK	checksum2-bmv2.p4
STUCK	checksum3-bmv2.p4
OK	complex.p4
OK	complex1.p4
OK	complex10.p4
OK	complex2.p4
OK	complex3.p4
OK	complex4.p4
OK	complex5.p4
OK	complex6.p4
OK	complex8.p4
OK	complex9.p4
STUCK	concat-bmv2.p4
OK	concat-fold.p4
OK	concat.p4
OK	const.p4
STUCK	constStruct.p4
OK	constant-fold-infint.p4
STUCK	constant-in-calculation-bmv2.p4
STUCK	constant_folding.p4
OK	constants.p4
STUCK	constructor_cast.p4
OK	constsigned.p4
OK	control-as-param.p4
STUCK	control-hs-index-test1.p4
STUCK	control-hs-index-test2.p4
STUCK	control-hs-index-test3.p4
STUCK	control-hs-index-test4.p4
STUCK	control-hs-index-test5.p4
STUCK	control-hs-index-test6.p4
STUCK	copy.p4
STUCK	copyprop1.p4
STUCK	copyprop2.p4
STUCK	count_add_ebpf.p4
STUCK	count_ebpf.p4
OK	crash-typechecker.p4
STUCK	crc32-bmv2.p4
STUCK	csum_ubpf.p4
STUCK	custom-type-restricted-fields.p4
OK	decl.p4
OK	decl2.p4
STUCK	def-use.p4
STUCK	default-action-arg-bmv2.p4
STUCK	default-control-argument.p4
STUCK	default-initializer.p4
STUCK	default-package-argument.p4
STUCK	default-switch.p4
STUCK	default.p4
STUCK	default2.p4
STUCK	default_action-bmv2.p4
STUCK	default_action_ubpf.p4
OK	deletekey.p4
OK	direct-action.p4
OK	direct-action1.p4
OK	direct-call.p4
OK	direct-call1.p4
OK	direct-call2.p4
OK	drop-bmv2.p4
OK	duplicateMethod.p4
STUCK	ebpf_checksum_extern.p4
STUCK	ebpf_conntrack_extern.p4
OK	ebpf_headers.p4
STUCK	elimActRun1.p4
OK	empty-bmv2.p4
OK	empty.p4
OK	emptyTuple.p4
STUCK	entries-prio.p4
STUCK	enum-bmv2.p4
OK	enum-folding.p4
OK	enum.p4
STUCK	enumCast.p4
STUCK	equality-bmv2.p4
STUCK	equality-varbit-bmv2.p4
OK	equality.p4
STUCK	ex1.p4
OK	exit1.p4
OK	exit2.p4
OK	exit3.p4
OK	exit4.p4
STUCK	exit5.p4
OK	expression.p4
STUCK	extern-funcs-bmv2.p4
STUCK	extern-inst-as-param.p4
OK	extern.p4
STUCK	extern2.p4
OK	extern3.p4
STUCK	extract_for_header_union.p4
STUCK	factory1.p4
STUCK	factory2.p4
OK	filter.p4
STUCK	flag_lost-bmv2.p4
STUCK	flowlet_switching-bmv2.p4
OK	fold_match.p4
STUCK	forloop1.p4
OTHER	forloop2.p4
OTHER	forloop3.p4
OTHER	forloop4.p4
STUCK	forloop5.p4
ERROR	forloop5a.p4
STUCK	forloop6.p4
OTHER	forloop7.p4
OK	free-form-annotation.p4
OK	function.p4
OK	functors.p4
OK	functors1.p4
OK	functors2.p4
OK	functors3.p4
OK	functors4.p4
OK	functors5.p4
STUCK	functors6.p4
STUCK	functors7.p4
STUCK	functors8.p4
STUCK	functors9.p4
STUCK	fwd-bmv2-psa.p4
STUCK	gauntlet_action_mux-bmv2.p4
STUCK	gauntlet_action_return-bmv2.p4
STUCK	gauntlet_arithref_cast-bmv2.p4
STUCK	gauntlet_bounded_loop.p4
STUCK	gauntlet_complex_initialization-bmv2.p4
STUCK	gauntlet_copy_out-bmv2.p4
STUCK	gauntlet_ctrl_plane_hdr.p4
STUCK	gauntlet_enum_assign-bmv2.p4
STUCK	gauntlet_exit_after_valid-bmv2.p4
STUCK	gauntlet_exit_combination_1-bmv2.p4
STUCK	gauntlet_exit_combination_10-bmv2.p4
STUCK	gauntlet_exit_combination_11-bmv2.p4
STUCK	gauntlet_exit_combination_12.p4
STUCK	gauntlet_exit_combination_13-bmv2.p4
STUCK	gauntlet_exit_combination_14-bmv2.p4
STUCK	gauntlet_exit_combination_15-bmv2.p4
STUCK	gauntlet_exit_combination_16-bmv2.p4
STUCK	gauntlet_exit_combination_17-bmv2.p4
STUCK	gauntlet_exit_combination_18-bmv2.p4
STUCK	gauntlet_exit_combination_19-bmv2.p4
STUCK	gauntlet_exit_combination_2-bmv2.p4
STUCK	gauntlet_exit_combination_20-bmv2.p4
STUCK	gauntlet_exit_combination_21-bmv2.p4
STUCK	gauntlet_exit_combination_22-bmv2.p4
STUCK	gauntlet_exit_combination_23-bmv2.p4
STUCK	gauntlet_exit_combination_3-bmv2.p4
STUCK	gauntlet_exit_combination_4-bmv2.p4
STUCK	gauntlet_exit_combination_5-bmv2.p4
STUCK	gauntlet_exit_combination_6-bmv2.p4
STUCK	gauntlet_exit_combination_7-bmv2.p4
STUCK	gauntlet_exit_combination_8-bmv2.p4
STUCK	gauntlet_exit_combination_9-bmv2.p4
STUCK	gauntlet_extern_arguments_1.p4
STUCK	gauntlet_extern_arguments_2.p4
STUCK	gauntlet_extern_arguments_3.p4
STUCK	gauntlet_function_if_hdr_return-bmv2.p4
STUCK	gauntlet_function_return-bmv2.p4
STUCK	gauntlet_function_return_cast-bmv2.p4
STUCK	gauntlet_hdr_assign_1-bmv2.p4
STUCK	gauntlet_hdr_assign_2-bmv2.p4
STUCK	gauntlet_hdr_function_cast-bmv2.p4
STUCK	gauntlet_hdr_in_value-bmv2.p4
STUCK	gauntlet_hdr_init-bmv2.p4
STUCK	gauntlet_hdr_int_initializer-bmv2.p4
STUCK	gauntlet_hdr_out_in_action-bmv2.p4
STUCK	gauntlet_hdr_set_valid-bmv2.p4
STUCK	gauntlet_index_1-bmv2.p4
STUCK	gauntlet_index_2-bmv2.p4
STUCK	gauntlet_index_4-bmv2.p4
STUCK	gauntlet_index_5-bmv2.p4
STUCK	gauntlet_index_6-bmv2.p4
STUCK	gauntlet_index_7-bmv2.p4
STUCK	gauntlet_index_8-bmv2.p4
STUCK	gauntlet_index_9-bmv2.p4
STUCK	gauntlet_indirect_hdr_assign_1-bmv2.p4
STUCK	gauntlet_indirect_hdr_assign_2-bmv2.p4
STUCK	gauntlet_infinite_loop.p4
STUCK	gauntlet_inout_slice_table_key-bmv2.p4
STUCK	gauntlet_instance_overwrite-bmv2.p4
STUCK	gauntlet_int_casting-bmv2.p4
STUCK	gauntlet_int_slice-bmv2.p4
STUCK	gauntlet_invalid_hdr_assign-bmv2.p4
STUCK	gauntlet_invalid_hdr_short_circuit-bmv2.p4
STUCK	gauntlet_list_as_in_argument-bmv2.p4
STUCK	gauntlet_lookahead_expansion-bmv2.p4
STUCK	gauntlet_mux_eval-bmv2.p4
STUCK	gauntlet_mux_hdr-bmv2.p4
STUCK	gauntlet_mux_typecasting-bmv2.p4
STUCK	gauntlet_mux_validity-bmv2.p4
STUCK	gauntlet_nested_ifs_in_function-bmv2.p4
STUCK	gauntlet_nested_slice-bmv2.p4
STUCK	gauntlet_nested_switch-bmv2.p4
STUCK	gauntlet_nested_table_calls-bmv2.p4
STUCK	gauntlet_optional-bmv2.p4
STUCK	gauntlet_parser_test_1.p4
STUCK	gauntlet_parser_test_2.p4
STUCK	gauntlet_parser_test_3.p4
STUCK	gauntlet_parser_test_4.p4
STUCK	gauntlet_return_truncate-bmv2.p4
STUCK	gauntlet_set_invalid-bmv2.p4
STUCK	gauntlet_set_valid_in_function-bmv2.p4
STUCK	gauntlet_short_circuit-bmv2.p4
STUCK	gauntlet_side_effect_order_1-bmv2.p4
STUCK	gauntlet_side_effect_order_2-bmv2.p4
STUCK	gauntlet_side_effect_order_3-bmv2.p4
STUCK	gauntlet_side_effect_order_4-bmv2.p4
STUCK	gauntlet_side_effect_order_5-bmv2.p4
STUCK	gauntlet_side_effects_in_mux-bmv2.p4
STUCK	gauntlet_switch_exclusivity-bmv2.p4
STUCK	gauntlet_switch_nested_table_apply-bmv2.p4
STUCK	gauntlet_switch_shadowing-bmv2.p4
STUCK	gauntlet_table_call_in_expression-bmv2.p4
STUCK	gauntlet_typedef_cast-bmv2.p4
STUCK	gauntlet_uninitialized_bool_struct-bmv2.p4
STUCK	gauntlet_variable_shadowing-bmv2.p4
STUCK	gauntlet_various_ops-bmv2.p4
OK	generic-struct-tuple.p4
STUCK	generic-struct.p4
STUCK	generic.p4
STUCK	generic1.p4
OK	global-action.p4
OK	global-action1.p4
STUCK	global_action_after_exit.p4
STUCK	graph-annotationless-key.p4
STUCK	hash-bmv2.p4
STUCK	hash-extern-bmv2.p4
STUCK	hash_ubpf.p4
STUCK	hashext.p4
STUCK	hashext2.p4
STUCK	hashext3.p4
OK	hashing-non-tuple-bmv2.p4
STUCK	hdr_stacks2345.p4
STUCK	header-bmv2.p4
STUCK	header-bool-bmv2.p4
STUCK	header-stack-ops-bmv2.p4
OK	header.p4
OK	highorder.p4
OK	hit-expr-bmv2.p4
STUCK	hit_ebpf.p4
STUCK	index.p4
STUCK	init-entries-bmv2.p4
STUCK	init_ebpf.p4
OK	initializer.p4
OK	initializers.p4
OK	inline-action.p4
STUCK	inline-bmv2.p4
OK	inline-control.p4
OK	inline-control1.p4
OK	inline-function.p4
OK	inline-function2.p4
OK	inline-function3.p4
OK	inline-parser.p4
OK	inline-stack-bmv2.p4
STUCK	inline-switch.p4
OK	inline.p4
OK	intType.p4
OK	interface.p4
OK	interface1.p4
OK	interface2.p4
STUCK	internet_checksum1-bmv2.p4
OK	intrinsic-bmv2.p4
STUCK	invalid-hdr-warnings1.p4
STUCK	invalid-hdr-warnings2.p4
STUCK	invalid-hdr-warnings3-bmv2.p4
STUCK	invalid-hdr-warnings4.p4
STUCK	invalid-hdr-warnings5.p4
STUCK	invalid-hdr-warnings6.p4
STUCK	invalid-hdr-warnings7.p4
STUCK	invalid-hdr-warnings8.p4
STUCK	invalid-header.p4
STUCK	invalid-union.p4
STUCK	inverted-range.p4
STUCK	ipv4-actions_ubpf.p4
STUCK	ipv6-actions_ubpf.p4
STUCK	ipv6-switch-ml-bmv2.p4
STUCK	issue-2123-2-bmv2.p4
STUCK	issue-2123-3-bmv2.p4
STUCK	issue-2123.p4
STUCK	issue-3312-graph-bmv2.p4
STUCK	issue-4969-bmv2.p4
STUCK	issue1000-bmv2.p4
STUCK	issue1001-1-bmv2.p4
STUCK	issue1001-bmv2.p4
STUCK	issue1006.p4
STUCK	issue1025-bmv2.p4
STUCK	issue1043-bmv2.p4
STUCK	issue1049-bmv2.p4
STUCK	issue1062-1-bmv2.p4
STUCK	issue1062-bmv2.p4
STUCK	issue1079-bmv2.p4
STUCK	issue1097-2-bmv2.p4
STUCK	issue1097-bmv2.p4
STUCK	issue1107.p4
STUCK	issue1127-bmv2.p4
OK	issue1160.p4
OK	issue1172.p4
OK	issue1193-bmv2.p4
OK	issue1205-bmv2.p4
STUCK	issue1208-1.p4
OK	issue1208.p4
STUCK	issue1210.p4
OK	issue1291-bmv2.p4
OK	issue1301.p4
STUCK	issue1304.p4
STUCK	issue1325-bmv2.p4
STUCK	issue1333.p4
STUCK	issue1334.p4
STUCK	issue134-bmv2.p4
OK	issue1342.p4
STUCK	issue1352-bmv2.p4
STUCK	issue1386.p4
STUCK	issue1406.p4
STUCK	issue1409-bmv2.p4
STUCK	issue1412-bmv2.p4
OK	issue1452-1.p4
OK	issue1452.p4
STUCK	issue1466.p4
STUCK	issue1470-bmv2.p4
STUCK	issue1478-bmv2.p4
STUCK	issue1517-bmv2.p4
STUCK	issue1520-bmv2.p4
STUCK	issue1524.p4
STUCK	issue1535.p4
STUCK	issue1538.p4
OK	issue1540.p4
STUCK	issue1541.p4
STUCK	issue1544-1-bmv2.p4
STUCK	issue1544-2-bmv2.p4
OK	issue1544-2.p4
STUCK	issue1544-bmv2.p4
STUCK	issue1560-bmv2.p4
STUCK	issue1566-bmv2.p4
OK	issue1586.p4
STUCK	issue1595-1.p4
STUCK	issue1595.p4
STUCK	issue1607-bmv2.p4
STUCK	issue1630-bmv2.p4
STUCK	issue1638.p4
STUCK	issue1642-bmv2.p4
STUCK	issue1653-bmv2.p4
STUCK	issue1653-complex-bmv2.p4
STUCK	issue1660-bmv2.p4
STUCK	issue1670-bmv2.p4
STUCK	issue1713-bmv2.p4
STUCK	issue1717.p4
OK	issue1724.p4
STUCK	issue1739-bmv2.p4
STUCK	issue1755-1-bmv2.p4
OK	issue1755-bmv2.p4
STUCK	issue1765-1-bmv2.p4
STUCK	issue1765-bmv2.p4
STUCK	issue1768-bmv2.p4
OK	issue1781-bmv2.p4
STUCK	issue1806.p4
STUCK	issue1814-1-bmv2.p4
STUCK	issue1814-bmv2.p4
OK	issue1822.p4
STUCK	issue1824-bmv2.p4
STUCK	issue1829-4-bmv2.p4
OK	issue1830.p4
STUCK	issue1834-bmv2.p4
STUCK	issue1863.p4
OK	issue1876.p4
STUCK	issue1879-bmv2.p4
OK	issue1882-1-bmv2.p4
OK	issue1882-bmv2.p4
STUCK	issue1897-bmv2.p4
STUCK	issue1914-1.p4
STUCK	issue1914.p4
STUCK	issue1937-1-bmv2.p4
STUCK	issue1937-2-bmv2.p4
STUCK	issue1937-3-bmv2.p4
STUCK	issue1937.p4
STUCK	issue1955.p4
STUCK	issue1958.p4
STUCK	issue1985.p4
STUCK	issue1989-bmv2.p4
STUCK	issue1997.p4
STUCK	issue2019-1.p4
STUCK	issue2019.p4
OK	issue2036-3.p4
STUCK	issue2037.p4
STUCK	issue2044-bmv2.p4
STUCK	issue2090.p4
OK	issue210.p4
STUCK	issue2102.p4
OK	issue2104-1.p4
OK	issue2104.p4
STUCK	issue2105.p4
OK	issue2126.p4
OK	issue2127.p4
OK	issue2147-1.p4
STUCK	issue2147-bmv2.p4
OK	issue2147.p4
STUCK	issue2148.p4
OK	issue2151.p4
STUCK	issue2153-bmv2.p4
STUCK	issue2155.p4
STUCK	issue2170-bmv2.p4
STUCK	issue2175-1.p4
OK	issue2175-2.p4
STUCK	issue2175-3.p4
STUCK	issue2175-4.p4
OK	issue2175-5.p4
OK	issue2175-6.p4
OK	issue2175.p4
STUCK	issue2176-bmv2.p4
STUCK	issue2190.p4
STUCK	issue2201-bmv2.p4
STUCK	issue2205-1-bmv2.p4
STUCK	issue2205-bmv2.p4
STUCK	issue2208.p4
STUCK	issue2213-1.p4
STUCK	issue2213-bmv2.p4
STUCK	issue2213.p4
STUCK	issue2221-bmv2.p4
STUCK	issue2225-bmv2.p4
STUCK	issue2248.p4
STUCK	issue2258-bmv2.p4
OK	issue2260-2.p4
STUCK	issue2261.p4
OK	issue2265-1.p4
STUCK	issue2265.p4
STUCK	issue2266.p4
STUCK	issue2273-1.p4
STUCK	issue2273.p4
STUCK	issue2279.p4
STUCK	issue2279_1.p4
STUCK	issue2279_2.p4
STUCK	issue2279_3.p4
STUCK	issue2279_4.p4
STUCK	issue2283_1-bmv2.p4
STUCK	issue2287-bmv2.p4
STUCK	issue2288-1.p4
STUCK	issue2288-2.p4
STUCK	issue2288.p4
STUCK	issue2289.p4
STUCK	issue2291-bmv2.p4
STUCK	issue2303.p4
STUCK	issue2314.p4
STUCK	issue232-bmv2.p4
STUCK	issue2321.p4
STUCK	issue2330-1.p4
STUCK	issue2330.p4
OK	issue2335-1.p4
OK	issue2342.p4
STUCK	issue2343-bmv2.p4
STUCK	issue2344.p4
STUCK	issue2345-1.p4
STUCK	issue2345-2.p4
STUCK	issue2345-multiple_dependencies.p4
STUCK	issue2345-with_nested_if.p4
STUCK	issue2345.p4
STUCK	issue2355.p4
STUCK	issue2356.p4
STUCK	issue2359.p4
STUCK	issue2362-bmv2.p4
STUCK	issue2375-1-bmv2.p4
STUCK	issue2375-bmv2.p4
STUCK	issue2383-bmv2.p4
STUCK	issue2391.p4
STUCK	issue2392-bmv2.p4
STUCK	issue2393.p4
OK	issue2409.p4
STUCK	issue242.p4
STUCK	issue2444.p4
OK	issue2445.p4
STUCK	issue2465-bmv2.p4
STUCK	issue2480.p4
STUCK	issue2485.p4
STUCK	issue2487.p4
STUCK	issue2488-bmv2.p4
STUCK	issue249.p4
STUCK	issue2492.p4
STUCK	issue2495-bmv2.p4
STUCK	issue2498-bmv2.p4
STUCK	issue2514.p4
OK	issue2542.p4
STUCK	issue2543-1.p4
OK	issue2543-2.p4
STUCK	issue2544_shadowing2.p4
STUCK	issue2546-1.p4
OK	issue2546-2.p4
STUCK	issue2546.p4
STUCK	issue2583_simplify_slice.p4
STUCK	issue2583_simplify_slice2.p4
STUCK	issue2585.p4
OK	issue2599.p4
STUCK	issue2614-bmv2.p4
STUCK	issue2617.p4
OK	issue2627.p4
STUCK	issue2630.p4
OK	issue2635.p4
STUCK	issue2648.p4
STUCK	issue2657-bmv2.p4
STUCK	issue2664-bmv2.p4
STUCK	issue270-bmv2.p4
OK	issue2710.p4
STUCK	issue272-1-bmv2.p4
STUCK	issue272-2-bmv2.p4
STUCK	issue2726-bmv2.p4
STUCK	issue2735-bmv2.p4
STUCK	issue2735.p4
STUCK	issue2791_ebpf.p4
STUCK	issue2793_ebpf.p4
OK	issue2795.p4
STUCK	issue2797_ebpf.p4
STUCK	issue2800a.p4
STUCK	issue2800b.p4
STUCK	issue2800c.p4
STUCK	issue2800d.p4
STUCK	issue281.p4
STUCK	issue2810.p4
STUCK	issue2816-1_ebpf.p4
STUCK	issue2816_ebpf.p4
STUCK	issue2844-enum.p4
STUCK	issue2890.p4
STUCK	issue2900.p4
STUCK	issue2904.p4
STUCK	issue2905-bmv2.p4
OK	issue2905.p4
STUCK	issue2956.p4
STUCK	issue2957.p4
STUCK	issue2958.p4
STUCK	issue297-bmv2.p4
STUCK	issue298-bmv2.p4
STUCK	issue2982.p4
STUCK	issue3001-1.p4
OK	issue3001.p4
OK	issue304-1.p4
OK	issue304.p4
STUCK	issue3051.p4
STUCK	issue3056.p4
OK	issue3057-2.p4
STUCK	issue3091-1.p4
STUCK	issue3091.p4
OK	issue3118-bmv2.p4
STUCK	issue313_1.p4
STUCK	issue313_2.p4
STUCK	issue313_3.p4
STUCK	issue314.p4
STUCK	issue3178.p4
OK	issue3197.p4
STUCK	issue3203.p4
STUCK	issue3204.p4
OK	issue3219.p4
STUCK	issue3225.p4
STUCK	issue323.p4
STUCK	issue3238.p4
STUCK	issue3246-1.p4
OK	issue3274-1.p4
STUCK	issue3274-2.p4
STUCK	issue3274.p4
STUCK	issue3283.p4
OK	issue3287.p4
STUCK	issue3288.p4
OK	issue3289.p4
STUCK	issue3291-1.p4
OK	issue3292.p4
OK	issue3307.p4
OK	issue3324.p4
OK	issue3329-bmv2.p4
STUCK	issue3333.p4
OK	issue3343.p4
STUCK	issue3364.p4
STUCK	issue3374.p4
STUCK	issue3379-1.p4
STUCK	issue3379.p4
OK	issue3394.p4
STUCK	issue3417.p4
STUCK	issue344.p4
STUCK	issue3483_ubpf.p4
OK	issue3486.p4
STUCK	issue3488-1-bmv2.p4
STUCK	issue3488-bmv2.p4
STUCK	issue3531.p4
STUCK	issue355-bmv2.p4
STUCK	issue3550.p4
OK	issue356-bmv2.p4
STUCK	issue361-bmv2.p4
STUCK	issue3616.p4
OK	issue3619-1.p4
OK	issue3619.p4
STUCK	issue3623-1.p4
STUCK	issue3623.p4
STUCK	issue3635.p4
STUCK	issue364-bmv2.p4
STUCK	issue3650.p4
STUCK	issue3671-1.p4
STUCK	issue3671.p4
STUCK	issue3672.p4
STUCK	issue3699.p4
STUCK	issue3702-bmv2.p4
OK	issue3779.p4
STUCK	issue3806.p4
STUCK	issue383-bmv2.p4
OK	issue3884-1.p4
STUCK	issue3884.p4
STUCK	issue396.p4
STUCK	issue4057.p4
OK	issue407-2.p4
OK	issue407-3.p4
STUCK	issue4133.p4
STUCK	issue414-bmv2.p4
STUCK	issue4143.p4
STUCK	issue420.p4
STUCK	issue422.p4
STUCK	issue4288.p4
STUCK	issue430-1-bmv2.p4
STUCK	issue430-bmv2.p4
STUCK	issue4365_wdisable_precedence_over_werror.p4
STUCK	issue4365_wdisable_precedence_over_werror_control.p4
STUCK	issue447-1-bmv2.p4
STUCK	issue447-2-bmv2.p4
STUCK	issue447-3-bmv2.p4
STUCK	issue447-4-bmv2.p4
STUCK	issue447-5-bmv2.p4
STUCK	issue447-bmv2.p4
OK	issue4500.p4
OK	issue4507_1.p4
OK	issue4507_2.p4
OK	issue4548.p4
STUCK	issue461-bmv2.p4
OK	issue4625_remove_compile_time_bool_methodcall_of_mcs.p4
OK	issue4625_remove_compile_time_const_methodcall_of_mcs.p4
OK	issue4656_const_fold_generic_switch_label_expr.p4
OK	issue4656_fold_bit_width_const_mux_expr.p4
OK	issue4661_non_pure_extern_function_const_args.p4
OK	issue4661_pure_extern_function_const_args.p4
OK	issue47.p4
STUCK	issue4739.p4
STUCK	issue4760_dontcare_action_out_arg.p4
STUCK	issue4775-2.p4
STUCK	issue4775.p4
STUCK	issue4796.p4
STUCK	issue4835-generic-struct.p4
STUCK	issue486-bmv2.p4
STUCK	issue4883_dup_has_returned_decl.p4
STUCK	issue4883_dup_has_returned_decl2.p4
OK	issue4901_new_start_with_no_start_loopback.p4
OK	issue4901_new_start_with_start_state_loopback.p4
OK	issue4901_new_start_with_start_state_loopback2.p4
STUCK	issue4932.p4
OK	issue496.p4
OK	issue5035.p4
STUCK	issue510-bmv2.p4
STUCK	issue512.p4
STUCK	issue5211_simplify_parsers_dup_state_local_var_decl.p4
OK	issue5231-const-int-concat.p4
STUCK	issue529.p4
STUCK	issue561-1-bmv2.p4
STUCK	issue561-2-bmv2.p4
STUCK	issue561-3-bmv2.p4
STUCK	issue561-4-bmv2.p4
STUCK	issue561-5-bmv2.p4
STUCK	issue561-6-bmv2.p4
STUCK	issue561-7-bmv2.p4
STUCK	issue561-bmv2.p4
STUCK	issue561.p4
STUCK	issue562-bmv2.p4
STUCK	issue584-1-bmv2.p4
STUCK	issue635-bmv2.p4
OK	issue638-1.p4
STUCK	issue648.p4
STUCK	issue655-bmv2.p4
STUCK	issue677-bmv2.p4
STUCK	issue692-bmv2.p4
STUCK	issue696-bmv2.p4
STUCK	issue737-bmv2.p4
STUCK	issue754.p4
STUCK	issue774-4-bmv2.p4
OK	issue774.p4
STUCK	issue793.p4
OK	issue794.p4
STUCK	issue803-2.p4
OK	issue803-3.p4
OK	issue803.p4
OK	issue822.p4
OK	issue823.p4
STUCK	issue841.p4
STUCK	issue870_ebpf.p4
STUCK	issue871.p4
STUCK	issue887.p4
STUCK	issue891-bmv2.p4
OK	issue907-bmv2.p4
STUCK	issue914-bmv2.p4
STUCK	issue933-1.p4
