0	$init_objectState
0	ExternFunctionCall_eval_lctk
1	$annotationList_of_parameterIR
1	$ctk_of_typedExpressionIR
1	$direction_of_parameterIR
1	$empty_map_callableId_callableDef
1	$empty_map_callableId_callableTypeDefIR
1	$empty_map_callableId_constructorDef
1	$empty_map_constructorId_constructorTypeDefIR
1	$empty_map_id_parserStateIR
1	$empty_map_id_value
1	$empty_map_id_varTypeIR
1	$empty_map_objectId_object
1	$empty_map_typeId_typeDefIR
1	$empty_map_typeId_typeIR
1	$empty_set
1	$empty_tableContext
1	$id_of_parameterIR
1	$invalidate_header
1	$name_of_parserState
1	$parameterListIR_of_actionDef
1	$parameterListIR_of_actionTypeDefIR
1	$parameterListIR_of_constructorTypeDefIR
1	$parameterListIR_of_controlApplyMethodDef
1	$parameterListIR_of_controlApplyMethodTypeIR
1	$parameterListIR_of_definedFunctionDef
1	$parameterListIR_of_definedFunctionTypeDefIR
1	$parameterListIR_of_externFunctionDef
1	$parameterListIR_of_externFunctionTypeDefIR
1	$parameterListIR_of_externMethodDef
1	$parameterListIR_of_parserApplyMethodDef
1	$parameterListIR_of_parserApplyMethodTypeIR
1	$parameterListIR_of_tableApplyMethodDef
1	$parameterListIR_of_tableApplyMethodTypeDefIR
1	$set_priority_of_tableEntryIR
1	$tableActionReferenceIR_of_tableActionIR
1	$tableEntryPriorityOptIR_of_tableEntryIR
1	$typeIR_of_parameterIR
1	$type_of_typedExpressionIR
1	$type_of_typedLvalueIR
2	$empty_callableDefEnv
2	$empty_callableTypeDefEnv
2	$empty_constructorDefEnv
2	$empty_constructorTypeDefEnv
2	$empty_frame
2	$empty_stateEnv
2	$empty_store
2	$empty_theta
2	$empty_typeDefEnv
2	$empty_typeFrame
2	$flatten_constOpt
2	$flatten_objectInitializerOptIR
2	$is_some_
2	$ite_boolValue
2	$ite_callTargetMatch
2	$ite_controlPlaneNameIR
2	$ite_int
2	$ite_text
2	$opt_as_seq__nameIR
2	$parameterListIR_of_externMethodTypeDefIR
2	$type_of_externMethodPrototypeIR
3	$callable_builtinMethod
3	$constructorTypeDef_of_externConstructorPrototypeIR
3	$constructor_of_externConstructorPrototypeIR
3	$empty_constraint
3	$filter__externConstructorOrMethodPrototype
3	$filter__id
3	$filter__tableKeyIR
3	$filter__tableProperty
3	$filter__tablePropertyIR
3	$instantiable_extern
3	$is_lpm_key_prime
3	$join_tableEntryState
3	$un_lnot
4	$callableId_IR
4	$concat_text
4	$exists_
4	$flatten_blockElementStatementList
4	$flatten_controlLocalDeclarationList
4	$flatten_externConstructorOrMethodPrototypeList
4	$flatten_objectDeclarationList
4	$flatten_parserLocalDeclarationList
4	$flatten_parserStatementList
4	$flatten_prefixedNameIR
4	$flatten_selectCaseList
4	$flatten_switchCaseList
4	$flatten_tableActionList
4	$flatten_tableEntryList
4	$flatten_tableKeyList
4	$flatten_tablePropertyList
4	$flatten_typeFieldList
4	$forall_
4	$is_concrete_extern_object_prime_prime
4	$is_default_parameterIR
4	$is_lpm_key
4	$join_flow
5	$add_action_tbl
5	$add_key_tbl
5	$callableId_of_externConstructorPrototypeIR
5	$codom_map
5	$dom_map_callableId_callableDef
5	$dom_map_callableId_callableTypeDefIR
5	$dom_map_callableId_constructorTypeDefIR
5	$dom_map_id_value
5	$dom_map_id_varTypeIR
5	$dom_map_nameIR_parserStateIR
5	$dom_map_typeId_infer
5	$dom_map_typeId_typeDefIR
5	$enter_path_i
5	$flatten_p4program
6	$callableId_of_externMethodPrototypeIR
6	$is_tableActionsProperty
6	$is_tableKeysProperty
6	$tableCustomName
7	$enter_i
7	$enter_t
7	$exit_i
7	$exit_t
7	$requires_priority_prime
8	$requires_priority
8	$typedLvalueIR_as_typedExpressionIR
9	$empty_typingContext
9	$join_ctk
9	$resolve_constraint
10	$name
10	$width_of_integerTypeIR
11	$objectId_ends_with
11	$un_plus
12	$prefixedTypeName
13	$assignop_as_binop
13	$empty_instContext
13	$flatten_nameList
13	$flatten_typeParameterList
13	$inherit_i
13	$join_text
15	$flatten_typeParameterListOpt
16	$is_tableDefaultActionProperty
19	$prefixedNonTypeName
20	$optional_annotation_of_parameterIR_prime_prime
22	$lvalue_as_expression
36	$joins_ctk
40	$update_fieldValue
42	$in_set_nameIR
43	$in_set_id
43	$in_set_typeId
44	$find_action_prime
44	$find_non_overloadeds_callableDef
44	$find_non_overloadeds_callableTypeDefIR
44	$find_non_overloadeds_externMethodTypeDefIR
45	$partition_parameterListIR
46	$find_action
46	$find_typeDef_i
47	$add_store
47	$add_typeDef_i
49	$find_store
49	$in_set_callableId
49	$merge_frames
50	$starts_with
52	$add_type_i
53	$add_constructorDef_i
53	$extend_map_typeId_typeIR
53	$instantiable_package
53	$instantiable_table
53	$split_dataplane_parameters
53	$strip_prefix_rec
54	$add_types_i
54	$directionless_trailing_prime
55	$add_constructorDefs_i
55	$callable_externAbstractMethod
55	$callable_externMethod
56	$add_parserState_i
58	$directionless_trailing
60	$bound
60	$find_typeDef_t
60	$find_var_i
60	$find_var_t
61	$find_var_value_t
63	$add_constructorDef_t
63	$find_non_overloaded_callableDef
63	$find_non_overloaded_callableTypeDefIR
63	$find_non_overloaded_externMethodTypeDefIR
65	$add_constructorDefs_t
67	$add_constructorDef_non_overload_t
67	$add_typeDef_t
68	$add_callableDef_overload_i
68	$add_callableDef_overload_t
69	$add_typeDefs_t
69	$add_var_i
70	ConstDecl_inst
71	$add_vars_i
72	$add_callableDef_non_overload_i
72	$add_callableDef_non_overload_t
72	$add_typeParameters_t
74	$find_callableDef_non_overloaded_t
75	$find_callableDef_non_overload_i
75	FuncDecl_inst
76	ExternMethod_inst
77	$init_
77	ActionDecl_inst
78	ExternMethods_inst
79	$repeat__value
80	$fresh_typeIds
80	$isValid_header
87	$invalidate_headerUnion
87	$invalidate_value
88	$ends_with
91	$strip_suffix_rec
100	SwitchLabel_table_ok
100	TypeParameterListOpt_ok
103	$write_bits_from_value
104	$contains_prime
107	$contains
108	$replace_text_except_prime
108	$replace_text_prime
109	$bin_mod
111	$replace_text
111	$replace_text_except
113	$bin_div
125	$modulo
128	$modulo_42
139	$un_bnot
147	$update_headerUnion
159	$bin_eq
162	$bin_ne
170	$tableEntry_lpm_prefix_prime
171	$tableEntry_lpm_prefix
183	$bin_ge
183	$bin_le
184	$bin_gt
184	$bin_lt
184	$int_of_integerValue
187	$nat_of_integerValue
193	$bin_minus
193	$bin_mul
193	$bin_plus
197	$un_minus
199	$bin_bxor
200	$bin_concat
200	$set_priorities_of_tableEntryListIR_prime
201	$bin_satminus
201	$bin_satplus
201	$bin_shl
202	$bin_band
202	$bin_bor
209	$name_annotationToken
209	$un_op
215	$bin_shr
226	$set_priorities_of_tableEntryListIR
256	$name_annotation_opt
271	$write_value_field_from_bits_prime
271	$write_value_fields_from_bits_prime
271	$write_value_from_bits_prime
271	$write_values_from_bits_prime
274	$write_value_from_bits
283	$bitacc_range_op
285	$bitacc_offset_op
391	$bitacc_range_replace_op
394	$bitacc_offset_replace_op
466	$bin_op
748	$flatten_namedExpressionList
748	$flatten_realTypeArgumentList
749	$flatten_expressionList
749	$flatten_typeArgumentList
766	$expression_as_lvalue
784	$flatten_argumentList
789	$flatten_simpleKeysetExpressionList
790	$flatten_forUpdateStatementList
812	$is_singleton_list_expression
867	$add_annotationList
868	$flatten_annotationList
874	$flatten_parameterList
876	$flatten_constructorParameterListOpt
876	$is_externConstructorPrototype
879	$is_externMethodPrototype
884	$callableId_prime
885	$callableId
886	$constructorId_of_externConstructorPrototype
887	$callableId_of_externMethodPrototype
887	$constructorId
887	$expressionNonBrace_as_expression
893	$optional_annotation_of_parameterIR_prime
895	$optional_annotation_of_parameterIR
896	$is_optional_parameterIR
907	$flatten_forInitStatementList
910	$find_name_annotation_opt
936	$split_externConstructorOrMethodPrototypeList
976	$match_overloaded_unnamed_parameterListIR_of_constructorTypeDefIR_constructorTypeDefIR
976	$match_overloaded_unnamed_parameterListIR_of_controlApplyMethodTypeIR_controlApplyMethodTypeDefIR
976	$match_overloaded_unnamed_parameterListIR_of_parserApplyMethodTypeIR_parserApplyMethodTypeIR
977	$match_overloaded_unnamed_parameterListIR_of_externMethodTypeDefIR_externMethodTypeDefIR
983	$find_overloadeds_unnamed_parameterListIR_of_constructorTypeDefIR_constructorTypeDefIR
983	$find_overloadeds_unnamed_parameterListIR_of_controlApplyMethodTypeIR_controlApplyMethodTypeDefIR
983	$find_overloadeds_unnamed_parameterListIR_of_parserApplyMethodTypeIR_parserApplyMethodTypeIR
984	$find_overloadeds_unnamed_parameterListIR_of_externMethodTypeDefIR_externMethodTypeDefIR
992	$name_expression
1007	$match_overloaded_named_parameterListIR_of_constructorTypeDefIR_constructorTypeDefIR
1007	$match_overloaded_named_parameterListIR_of_controlApplyMethodTypeIR_controlApplyMethodTypeDefIR
1007	$match_overloaded_named_parameterListIR_of_parserApplyMethodTypeIR_parserApplyMethodTypeIR
1008	$match_overloaded_named_parameterListIR_of_externMethodTypeDefIR_externMethodTypeDefIR
1014	$find_overloadeds_named_parameterListIR_of_constructorTypeDefIR_constructorTypeDefIR
1014	$find_overloadeds_named_parameterListIR_of_controlApplyMethodTypeIR_controlApplyMethodTypeDefIR
1014	$find_overloadeds_named_parameterListIR_of_parserApplyMethodTypeIR_parserApplyMethodTypeIR
1015	$find_overloadeds_named_parameterListIR_of_externMethodTypeDefIR_externMethodTypeDefIR
1029	$flatten_parserStateList
1070	$find_overloaded_parameterListIR_of_constructorTypeDefIR_constructorTypeDefIR
1070	$find_overloaded_parameterListIR_of_controlApplyMethodTypeIR_controlApplyMethodTypeDefIR
1070	$find_overloaded_parameterListIR_of_parserApplyMethodTypeIR_parserApplyMethodTypeIR
1071	$find_overloaded_parameterListIR_of_externMethodTypeDefIR_externMethodTypeDefIR
1125	$name_annotation
1127	$name_annotation_default
1192	$cast_header_stack
1194	$cast_header
1194	$cast_struct
1194	$compat_lnot
1194	$nestable_constructor_package
1194	$resolve_type_alias
1195	$callTargetKey_prime
1195	$compat_bnot
1195	$compat_divmod
1195	$compat_logical
1196	$cast_bool
1196	$compat_array_index
1196	$compat_bitslice_offset_index
1196	$compat_bitslice_offset_width
1196	$compat_bitslice_range_index
1196	$compat_uplusminus
1196	$nestable_constructor_control
1196	$nestable_constructor_parser
1196	$nestable_controlApplyMethod
1196	$nestable_headerStack
1196	$nestable_headerUnion
1197	$definable_constructor
1197	$nestable_constructor_extern
1197	$nestable_externFunction
1197	$nestable_externMethod
1197	$nestable_new_in_enum_serializable
1197	$nestable_parserApplyMethod
1198	$compat_switch
1198	$compat_table_lpm_ternary_range_key
1198	$nestable_new
1198	$parameterListIR_of_functionTypeDefIR
1198	$typedExpressionIR_as_typedLvalueIR
1199	$compat_concat
1200	$callTargetKey
1202	$compat_table_exact_optional_key
1202	$is_static_assert_callableTypeIR
1203	$callableTypeIR_of_callableTypeDefIR
1203	$compat_shift
1203	$nestable_enum_serializable
1203	$typeParameterListIR_of_callableTypeDefIR
1206	$flatten_keysetExpressionIR
1206	$nestable_tuple_in_set
1206	$parameterListIR_of_methodTypeDefIR
1207	$typeId_of_typeDefIR
1207	$typeParameterListIR_of_typeDefIR
1208	$nestable_sequence_in_set
1208	$nestable_struct_in_header
1208	$nestable_tuple
1209	$is_monomorphic_typeDefIR
1209	$nestable_struct
1211	$nestable_definedFunction
1212	$is_polymorphic_typeDefIR
1212	$nestable_action
1212	$nestable_list
1213	$is_equalable_typeIR
1213	$typeIR_of_typeDefIR
1214	$check_switchLabel_default
1214	$is_assignable_typeIR
1215	$nestable_typedef
1216	$init_tableKeys
1218	$compat_bitslice_base
1218	$nestable_header
1219	$is_defaultable_typeIR
1221	$parameterListIR_of_callableTypeDefIR
1229	$unroll_typeIR
1230	$compat_bitwise
1230	$compat_satplusminus
1231	$compat_compare
1231	$compat_mask
1231	$compat_plusminusmult
1231	$compat_range
1231	$is_table_application
1235	$nestable_set
1242	$is_static_callableTypeIR
1249	$compat_table_key
1252	$align_parameterListIR_given
1257	$callable_definedFunction
1259	$sizeof_minSizeInBits_prime
1260	$sizeof_minSizeInBits
1266	$align_parameterListIR
1268	$unroll_aliasType
1269	$result_concat
1270	$find_local_return_type_t
1278	$is_concrete_extern_object_prime
1283	$sizeof_maxSizeInBits_prime
1284	$sizeof_maxSizeInBits
1301	$resolve_inference_prime
1304	$parameterListIR_of_functionDef
1306	$resolve_inference
1310	$reduce_serenum
1313	$reduce_serenum_unary_compat_lnot
1314	$reduce_serenum_unary_compat_bnot
1315	$reduce_serenum_binary_compat_divmod
1315	$reduce_serenum_binary_compat_logical
1315	$reduce_serenum_unary_compat_array_index
1315	$reduce_serenum_unary_compat_bitslice_offset_index
1315	$reduce_serenum_unary_compat_bitslice_offset_width
1315	$reduce_serenum_unary_compat_bitslice_range_index
1315	$reduce_serenum_unary_compat_uplusminus
1317	$is_concrete_extern_object
1319	$reduce_serenum_binary_compat_concat
1323	$reduce_serenum_binary_compat_shift
1335	$free_callableTypeDefIR
1335	$free_callableTypeIR
1335	$free_parameterIR
1335	$free_typeIR
1336	$add_var_t
1337	$add_constructorParameter_t
1337	$reduce_serenum_unary_compat_bitslice_base
1337	$update_mode_tbl
1338	$add_vars_t
1339	$add_constructorParameters_t
1345	$match_overloaded_unnamed_parameterListIR_of_callableTypeDefIR_callableTypeDefIR
1347	$sizeof_minSizeInBytes
1348	$add_parameter_t
1350	$reduce_serenum_binary_compat_bitwise
1350	$reduce_serenum_binary_compat_satplusminus
1350	$sizeof_maxSizeInBytes
1351	$reduce_serenum_binary_compat_compare
1351	$reduce_serenum_binary_compat_mask
1351	$reduce_serenum_binary_compat_plusminusmult
1351	$reduce_serenum_binary_compat_range
1352	$find_overloadeds_unnamed_parameterListIR_of_callableTypeDefIR_callableTypeDefIR
1359	$merge_externMethodDefEnvs
1366	$free_typeDefIR
1366	TableType_ok
1375	$sizeof
1376	$match_overloaded_named_parameterListIR_of_callableTypeDefIR_callableTypeDefIR
1383	$find_overloadeds_named_parameterListIR_of_callableTypeDefIR_callableTypeDefIR
1406	$init_tableEntries
1407	$capture_avoiding_
1423	$capture_avoiding
1423	$find_constructorDef_overloaded_t
1431	$is_valid_bitslice
1439	$find_overloaded_parameterListIR_of_callableTypeDefIR_callableTypeDefIR
1459	$find_callableDef_overloaded_t
1462	$init_table
1550	$callable_controlApplyMethod
1550	$callable_parserApplyMethod
1551	$parameterListIR_of_methodDef
1552	$callable_action
1552	$callable_tableApplyMethod
1559	$subst_callableTypeDefIR
1559	$subst_callableTypeDefIR_prime
1559	$subst_callableTypeIR_prime
1559	$subst_parameterIR
1559	$subst_parameterIR_prime
1559	$subst_typeIR
1559	$subst_typeIR_prime
1561	$subst_callableTypeIR
1562	$subst_constructorTypeIR_prime
1564	$subst_constructorTypeIR
1565	$parameterListIR_of_callableDef
1569	$callable_externFunction
1570	$instantiable_control
1570	$instantiable_parser
1570	$parameterListIR_of_constructorDef
1575	$subst_type_i
1592	$specialize_typeDefIR
1595	$specialize_callableTypeDefIR
1598	$specialize_constructorTypeDefIR
1613	$subexpressions_of_argumentIR
1613	$subexpressions_of_argumentListIR
1613	$subexpressions_of_expressionIR
1613	$subexpressions_of_typedExpressionIR
1613	$subexpressions_of_typedExpressionListIR
1666	TableAction_inst
1668	TableActions_inst
1694	$match_overloaded_unnamed_parameterListIR_of_constructorDef_constructorDef
1701	$find_overloadeds_unnamed_parameterListIR_of_constructorDef_constructorDef
1725	$match_overloaded_named_parameterListIR_of_constructorDef_constructorDef
1732	$find_overloadeds_named_parameterListIR_of_constructorDef_constructorDef
1788	$find_overloaded_parameterListIR_of_constructorDef_constructorDef
1795	$cast_default
1795	$cast_enum
1795	$cast_error
1795	$cast_int
1795	$cast_invalid_header
1795	$cast_list
1795	$cast_op
1795	$cast_record
1795	$cast_sequence
1795	$cast_set
1795	$cast_to_enum
1795	$cast_to_enum_prime
1795	$default
1801	$find_constructorDef_i
1858	Constructor_inst
2489	ParameterType_alpha
2490	ExternMethodType_alpha
2572	Type_alpha
2692	Cast_impl
2694	$cast_unary
2710	$merge_constraint_prime
2721	$merge_constraint
2723	$merge_constraints
2736	Cast_impl_neq
2751	$insert_NoAction_tablePropertyIR
2760	Cast_expl
2760	Cast_expl_neq
2798	$gen_constraint
2798	$gen_constraints
2803	$infer_prime
2864	Expr_lvalue_ok
2867	$infer
2871	ExternMethodTypeDef_alpha
2906	$subst_externMethodTypeDefEnv
2991	$instantiable
3274	CallableTypeDef_wf
3274	CallableType_wf
3274	ParameterType_wf
3274	ReturnType_wf
3274	Type_wf
3275	ConstructorParameterType_wf
3305	TypeDef_wf
3486	ConstructorType_wf
3493	ConstructorTypeDef_wf
3826	Argument_inst
3826	BlockElementStmtList_inst
3826	BlockElementStmt_inst
3826	Block_inst
3826	Constructor_call
3826	ControlLocalDecl_inst
3826	ControlLocalDecls_inst
3826	Copy_in_argument_inst
3826	Copy_in_argument_inst_default
3826	Copy_in_inst
3826	Copy_in_inst_default
3826	DirectApplicationStmt_inst
3826	Expr_inst
3826	Exprs_inst
3826	InstDecl_inst
3826	ObjectDecl_inst
3826	ObjectDecls_inst
3826	ParserLocalDecl_inst
3826	ParserLocalDecls_inst
3826	ParserState_inst
3826	ParserStates_inst
3826	ParserStmt_inst
3826	ParserStmts_inst
3826	Stmt_inst
3826	SwitchCase_inst
3826	SwitchCases_inst
3826	TableProperties_inst
3826	TableProperty_inst
3999	ConstructorType_ok
4100	CallableType_ok
4230	$cast_binary
4292	Call_convention_expr_ok
4300	Call_convention_argument_ok
4302	Call_convention_ok
4726	Call_action_default_ok
4726	Call_action_partial_ok
5112	Argument_eval_lctk
5112	Expr_eval_lctk
5329	Decl_inst
5331	Decls_inst
5334	Call_ok
5528	Inst_ok
7500	ArgumentList_ok
7500	Argument_ok
7500	CallableTarget_ok
7500	Expr_ok
7500	TypeArgumentList_ok
7500	TypeArgument_ok
7500	TypeArguments_ok
7500	Type_ok
7501	ConstDecl_ok
7501	Enum_serializable_field_ok
7501	InstDecl_non_objectInitializer_ok
7502	TableEntry_priority_ok
7503	Enum_serializable_fields_ok
7504	Enum_serializable_fieldList_ok
7505	Parameter_ok
7507	ParameterList_ok_inner
7519	ParameterList_ok
7521	ConstructorParameterListOpt_ok
7523	CallableTarget_lvalue_ok
7525	VarDecl_ok
7527	SelectCase_keyset_simple_ok
7542	ExternConstructor_ok
7543	ForCollectionExpr_ok
7549	ExternMethod_ok
7563	Lvalue_ok
7607	TableEntry_keyset_simple_ok
7612	TableEntry_keysets_simple_ok
7648	SwitchLabel_general_ok
7764	SelectCase_keyset_ok
7765	SelectCase_ok
7778	ParserSelect_ok
7790	TableKey_ok
7792	TableKeys_ok
7828	ParserTransition_ok
7855	TableEntry_keyset_ok
7937	TableEntry_action_ok
7952	TableDefaultAction_ok
7977	TableAction_ok
7979	TableActions_ok
8298	TableEntry_ok
8618	BlockElementStmtList_ok
8618	BlockElementStmt_ok
8618	BlockElementStmts_ok
8618	Block_ok
8618	ForInitStmtList_ok
8618	ForInitStmt_ok
8618	ForInitStmts_ok
8618	ForUpdateStmtList_ok
8618	ForUpdateStmt_ok
8618	Stmt_ok
8618	SwitchCaseList_general_ok
8618	SwitchCaseList_table_ok
8618	SwitchCase_general_ok
8618	SwitchCase_table_ok
8618	SwitchCases_general_ok
8618	SwitchCases_table_ok
8655	ActionDecl_ok
8684	FuncDecl_ok
8708	ParserStmtList_ok
8708	ParserStmt_ok
8708	ParserStmts_ok
8812	InstDecl_objectInitializer_ok
8812	InstDecl_ok
8812	ObjectDeclList_ok
8812	ObjectDecl_ok
8812	ObjectDecls_ok
8832	ParserLocalDecl_ok
8834	ParserLocalDecls_ok
8837	ParserLocalDeclList_ok
8846	TableProperty_ok
8848	TableProperties_ok
8909	Table_ok
9031	ParserState_ok
9047	ParserStateList_ok
10523	ControlLocalDecl_ok
10525	ControlLocalDecls_ok
10528	ControlLocalDeclList_ok
11033	Decl_ok
11035	Decls_ok
11039	Program_ok
11665	Program_inst
