$bitacc_range_op	DECODE
$bitacc_offset_op	DECODE
$bitacc_range_replace_op	DECODE
$bitacc_offset_replace_op	DECODE
$bin_op	DECODE
$expressionNonBrace_as_expression	clean
$find_overloadeds_unnamed_parameterListIR_of_controlApplyMethodTypeIR_controlApplyMethodTypeDefIR	clean
$find_overloadeds_unnamed_parameterListIR_of_parserApplyMethodTypeIR_parserApplyMethodTypeIR	clean
$name_annotation	clean
$name_annotation_default	clean
$name_expression	clean
$free_callableTypeDefIR	clean
$free_callableTypeIR	clean
$free_parameterIR	clean
$free_typeIR	clean
$free_typeDefIR	clean
$capture_avoiding_	clean
$capture_avoiding	clean
$subst_callableTypeDefIR	clean
$subst_callableTypeDefIR_prime	clean
$subst_callableTypeIR_prime	clean
$subst_parameterIR	clean
$subst_parameterIR_prime	clean
$subst_typeIR	clean
$subst_typeIR_prime	clean
$subst_callableTypeIR	clean
$subst_constructorTypeIR_prime	clean
$subst_constructorTypeIR	clean
$subst_type_i	clean
$specialize_typeDefIR	clean
$specialize_callableTypeDefIR	clean
$specialize_constructorTypeDefIR	clean
TableAction_inst	clean
TableActions_inst	clean
$cast_default	DECODE
$cast_enum	DECODE
$cast_error	DECODE
$cast_int	DECODE
$cast_invalid_header	DECODE
$cast_list	DECODE
$cast_op	DECODE
$cast_record	DECODE
$cast_sequence	DECODE
$cast_set	DECODE
$cast_to_enum	DECODE
$cast_to_enum_prime	DECODE
$default	DECODE
ExternMethodTypeDef_alpha	clean
$subst_externMethodTypeDefEnv	clean
CallableTypeDef_wf	clean
CallableType_wf	clean
ParameterType_wf	clean
ReturnType_wf	clean
Type_wf	clean
ConstructorParameterType_wf	clean
TypeDef_wf	clean
ConstructorType_wf	clean
ConstructorTypeDef_wf	clean
Argument_inst	DECODE
BlockElementStmtList_inst	DECODE
BlockElementStmt_inst	DECODE
Block_inst	DECODE
Constructor_call	DECODE
ControlLocalDecl_inst	DECODE
ControlLocalDecls_inst	DECODE
Copy_in_argument_inst	DECODE
Copy_in_argument_inst_default	DECODE
Copy_in_inst	DECODE
Copy_in_inst_default	DECODE
DirectApplicationStmt_inst	DECODE
Expr_inst	DECODE
Exprs_inst	DECODE
InstDecl_inst	DECODE
ObjectDecl_inst	DECODE
ObjectDecls_inst	DECODE
ParserLocalDecl_inst	DECODE
ParserLocalDecls_inst	DECODE
ParserState_inst	DECODE
ParserStates_inst	DECODE
ParserStmt_inst	DECODE
ParserStmts_inst	DECODE
Stmt_inst	DECODE
SwitchCase_inst	DECODE
SwitchCases_inst	DECODE
TableProperties_inst	DECODE
TableProperty_inst	DECODE
$cast_unary	clean
$merge_constraint_prime	clean
$merge_constraint	clean
$merge_constraints	clean
Cast_impl_neq	clean
Cast_expl	clean
Cast_expl_neq	clean
ConstructorType_ok	clean
CallableType_ok	clean
$gen_constraint	clean
$gen_constraints	clean
$infer_prime	clean
Argument_eval_lctk	DECODE
Expr_eval_lctk	DECODE
$infer	clean
Decl_inst	DECODE
Decls_inst	DECODE
$cast_binary	clean
Call_convention_expr_ok	clean
Call_convention_argument_ok	clean
Call_convention_ok	clean
Call_action_default_ok	clean
Call_action_partial_ok	clean
Call_ok	clean
Inst_ok	clean
ArgumentList_ok	DECODE
Argument_ok	DECODE
CallableTarget_ok	DECODE
Expr_ok	DECODE
TypeArgumentList_ok	DECODE
TypeArgument_ok	DECODE
TypeArguments_ok	DECODE
Type_ok	DECODE
ConstDecl_ok	DECODE
Enum_serializable_field_ok	DECODE
InstDecl_non_objectInitializer_ok	DECODE
TableEntry_priority_ok	DECODE
Enum_serializable_fields_ok	DECODE
Enum_serializable_fieldList_ok	DECODE
Parameter_ok	DECODE
ParameterList_ok_inner	DECODE
ParameterList_ok	DECODE
ConstructorParameterListOpt_ok	DECODE
CallableTarget_lvalue_ok	DECODE
VarDecl_ok	DECODE
SelectCase_keyset_simple_ok	DECODE
ExternConstructor_ok	DECODE
ForCollectionExpr_ok	DECODE
ExternMethod_ok	DECODE
Lvalue_ok	DECODE
TableEntry_action_ok	DECODE
TableEntry_keyset_simple_ok	DECODE
TableDefaultAction_ok	DECODE
TableEntry_keysets_simple_ok	DECODE
TableAction_ok	DECODE
TableActions_ok	DECODE
SwitchLabel_general_ok	DECODE
SelectCase_keyset_ok	DECODE
SelectCase_ok	DECODE
ParserSelect_ok	DECODE
ParserTransition_ok	DECODE
TableEntry_keyset_ok	DECODE
TableKey_ok	DECODE
TableEntry_ok	DECODE
TableKeys_ok	DECODE
BlockElementStmtList_ok	DECODE
BlockElementStmt_ok	DECODE
BlockElementStmts_ok	DECODE
Block_ok	DECODE
ForInitStmtList_ok	DECODE
ForInitStmt_ok	DECODE
ForInitStmts_ok	DECODE
ForUpdateStmtList_ok	DECODE
ForUpdateStmt_ok	DECODE
Stmt_ok	DECODE
SwitchCaseList_general_ok	DECODE
SwitchCaseList_table_ok	DECODE
SwitchCase_general_ok	DECODE
SwitchCase_table_ok	DECODE
SwitchCases_general_ok	DECODE
SwitchCases_table_ok	DECODE
ActionDecl_ok	DECODE
FuncDecl_ok	DECODE
TableProperty_ok	DECODE
TableProperties_ok	DECODE
ParserStmtList_ok	DECODE
ParserStmt_ok	DECODE
ParserStmts_ok	DECODE
Table_ok	DECODE
InstDecl_objectInitializer_ok	DECODE
InstDecl_ok	DECODE
ObjectDeclList_ok	DECODE
ObjectDecl_ok	DECODE
ObjectDecls_ok	DECODE
ParserLocalDecl_ok	DECODE
ParserLocalDecls_ok	DECODE
ParserLocalDeclList_ok	DECODE
ParserState_ok	DECODE
ParserStateList_ok	DECODE
ControlLocalDecl_ok	DECODE
ControlLocalDecls_ok	DECODE
ControlLocalDeclList_ok	DECODE
Decl_ok	DECODE
Decls_ok	DECODE
Program_ok	DECODE
Program_inst	DECODE
DONE
